Sign,Total Samples,Main Cluster,In Main Cluster,Concentration,N Clusters
0,1,0,1,1.0,1
2,1,2,1,1.0,1
7,1,0,1,1.0,1
5,3,1,2,0.6666666666666666,2
9,3,4,2,0.6666666666666666,2
1,2,5,1,0.5,2
